{
    "accuracy": 0.9204686386785234,
    "precision": 0.8021662427176499,
    "recall": 0.5958432376424697,
    "f1": 0.6837798139469818,
    "confusion_matrix": [
        [
            94873,
            2411
        ],
        [
            6631,
            9776
        ]
    ]
}